appln_id;ipc_class_symbol;ipc_class_level;ipc_version;ipc_value;ipc_position;ipc_gener_auth
381150532;"H01J  49/02";"A";2006-01-01;"I";"F";"FR"
405962392;"G01N  21/85";"A";2006-01-01;"I";"F";"BR"
405962392;"G01N  21/88";"A";2006-01-01;"I";"L";"BR"
405962392;"G01N  33/28";"A";2006-01-01;"I";"L";"BR"
445532725;"G01N  21/27";"A";2006-01-01;"I";"L";"US"
445532725;"G01N  21/31";"A";2006-01-01;"N";"L";"US"
445532725;"G01N  21/3504";"A";2014-01-01;"I";"L";"US"
445532725;"G01N  21/3577";"A";2014-01-01;"I";"F";"US"
425016237;"G01J   3/36";"A";2006-01-01;"I";"L";"JP"
425016237;"G01N  21/3577";"A";2014-01-01;"I";"F";"JP"
425016237;"G01N  21/359";"A";2014-01-01;"I";"L";"JP"
425016237;"G02B   6/26";"A";2006-01-01;"I";"L";"JP"
425016237;"G02B   6/30";"A";2006-01-01;"I";"L";"JP"
425016237;"G02B   6/32";"A";2006-01-01;"I";"L";"JP"
425016237;"G02B   6/42";"A";2006-01-01;"I";"L";"JP"
425016237;"H01L  31/02";"A";2006-01-01;"I";"L";"JP"
425016237;"H01L  33/00";"A";2010-01-01;"I";"L";"JP"
19130688;"F02D  43/00";"A";2006-01-01;"I";"F";"FR"
449672078;"G01N  21/27";"A";2006-01-01;"I";"L";"MX"
449672078;"G01N  21/31";"A";2006-01-01;"N";"L";"MX"
449672078;"G01N  21/35";"A";2014-01-01;"I";"F";"MX"
418302458;"F02D  41/00";"C";2006-01-01;"I";"F";"UA"
418302458;"G01N  21/35";"A";2006-01-01;"I";"L";"UA"
57047141;"G01J   3/02";"A";2006-01-01;"I";"L";"EP"
57047141;"G01J   3/10";"A";2006-01-01;"I";"L";"EP"
57047141;"G01J   3/26";"A";2006-01-01;"I";"L";"EP"
57047141;"G01N  21/85";"A";2006-01-01;"I";"F";"EP"
2744929;"F02D  41/24";"A";2006-01-01;"I";"F";"EP"
2744929;"G01N  21/35";"A";2006-01-01;"I";"L";"EP"
421508249;"F02D  19/08";"A";2006-01-01;"I";"F";"JP"
421508249;"G01N  21/3577";"A";2014-01-01;"I";"L";"JP"
421508249;"G01N  21/359";"A";2014-01-01;"I";"L";"JP"
55834363;"F02D  41/24";"A";2006-01-01;"I";"F";"MX"
55834363;"G01N  21/35";"A";2006-01-01;"I";"L";"MX"
323543479;"F02D  41/24";"A";2006-01-01;"I";"F";"BR"
323543479;"G01N  21/35";"A";2014-01-01;"I";"L";"BR"
323791678;"G01J   3/02";"A";2006-01-01;"I";"L";"EP"
323791678;"G01J   3/10";"A";2006-01-01;"N";"L";"CA"
323791678;"G01J   3/12";"A";2006-01-01;"N";"L";"CA"
323791678;"G01J   3/42";"A";2006-01-01;"I";"F";"CA"
323791678;"G01N  21/25";"A";2006-01-01;"I";"L";"EP"
323791678;"G01N  21/359";"A";2014-01-01;"N";"L";"CA"
323791678;"G01N  21/85";"A";2006-01-01;"I";"L";"EP"
324055415;"G01J   1/00";"A";2006-01-01;"I";"L";"US"
324055415;"G01J   5/02";"A";2006-01-01;"I";"F";"US"
324055415;"G01N  21/35";"A";2006-01-01;"I";"L";"US"
324055415;"G03F   7/20";"A";2006-01-01;"I";"L";"US"
334022097;"G01J   3/02";"A";2006-01-01;"I";"L";"EP"
334022097;"G01J   3/10";"A";2006-01-01;"I";"L";"EP"
334022097;"G01J   3/26";"A";2006-01-01;"I";"L";"EP"
334022097;"G01N  21/85";"A";2006-01-01;"I";"F";"EP"
56626681;"F02B  77/08";"A";2006-01-01;"I";"L";"EP"
56626681;"F02D  41/14";"A";2006-01-01;"I";"L";"EP"
56626681;"F02D  41/22";"A";2006-01-01;"I";"L";"EP"
56626681;"G01M  15/10";"A";2006-01-01;"I";"L";"EP"
56626681;"G01N  21/33";"A";2006-01-01;"I";"F";"EP"
56626681;"G01N  21/35";"A";2006-01-01;"I";"L";"EP"
445140129;"G01N  21/27";"A";2006-01-01;"I";"L";"CN"
445140129;"G01N  21/3577";"A";2014-01-01;"I";"F";"CN"
336389954;"G01J   3/02";"A";2006-01-01;"I";"L";"GB"
336389954;"G01J   3/28";"A";2006-01-01;"I";"F";"GB"
336389954;"G01N  21/85";"A";2006-01-01;"I";"L";"GB"
337591580;"F02D  13/02";"A";2006-01-01;"I";"L";"RU"
337591580;"F02D  41/00";"A";2006-01-01;"I";"F";"RU"
337591580;"G01N  33/22";"A";2006-01-01;"I";"L";"RU"
522253793;"G01N  21/85";"A";2006-01-01;"I";"L";"PL"
522253793;"G01N  21/88";"A";2006-01-01;"I";"L";"PL"
522253793;"G01N  33/28";"A";2006-01-01;"I";"F";"PL"
329598623;"F02D  19/06";"A";2006-01-01;"I";"F";"EP"
329598623;"F02D  41/00";"A";2006-01-01;"I";"L";"EP"
329598623;"F02D  41/24";"A";2006-01-01;"I";"L";"EP"
329598623;"G01N  21/35";"A";2014-01-01;"I";"L";"EP"
56224356;"G01N  21/85";"A";2006-01-01;"I";"L";"EP"
56224356;"G01N  21/88";"A";2006-01-01;"I";"L";"EP"
56224356;"G01N  33/28";"A";2006-01-01;"I";"F";"EP"
273550282;"F02D  13/02";"A";2006-01-01;"I";"L";"EP"
273550282;"F02D  41/00";"A";2006-01-01;"I";"F";"EP"
273550282;"F02D  41/22";"A";2006-01-01;"I";"L";"EP"
273550282;"F02D  41/24";"A";2006-01-01;"I";"L";"EP"
273550282;"F02D  41/38";"A";2006-01-01;"I";"L";"EP"
273550282;"G01J   3/10";"A";2006-01-01;"I";"L";"EP"
273550282;"G01J   3/28";"A";2006-01-01;"I";"L";"EP"
273550282;"G01N  21/35";"A";2014-01-01;"I";"L";"EP"
273550282;"G01N  33/28";"A";2006-01-01;"I";"L";"EP"
322434300;"G01J   3/10";"A";2006-01-01;"I";"L";"CN"
322434300;"G01J   3/12";"A";2006-01-01;"I";"L";"CN"
322434300;"G01N  21/85";"A";2006-01-01;"I";"F";"CN"
328952664;"G01J   3/10";"A";2006-01-01;"I";"L";"MX"
328952664;"G01J   3/12";"A";2006-01-01;"I";"L";"MX"
328952664;"G01N  21/85";"A";2006-01-01;"I";"F";"MX"
443000086;"F02D  19/06";"A";2006-01-01;"I";"F";"BR"
443000086;"F02D  41/00";"A";2006-01-01;"I";"L";"BR"
443000086;"F02D  41/24";"A";2006-01-01;"I";"L";"BR"
443000086;"G01N  21/35";"A";2014-01-01;"I";"L";"BR"
20939102;"G01N  21/85";"A";2006-01-01;"I";"L";"EP"
20939102;"G01N  21/88";"A";2006-01-01;"I";"L";"EP"
20939102;"G01N  33/28";"A";2006-01-01;"I";"F";"EP"
413979608;"G01N  21/27";"A";2006-01-01;"I";"L";"EP"
413979608;"G01N  21/31";"A";2006-01-01;"N";"L";"EP"
413979608;"G01N  21/35";"A";2014-01-01;"I";"F";"EP"
4989976;"F02D  41/24";"A";2006-01-01;"I";"F";"EP"
4989976;"G01N  21/35";"A";2006-01-01;"I";"L";"EP"
459204894;"F02D  19/06";"A";2006-01-01;"I";"F";"MY"
506163491;"F02D  41/14";"A";2006-01-01;"I";"F";"BR"
506163491;"G01M  15/10";"A";2006-01-01;"I";"L";"BR"
506163491;"G01N  21/33";"A";2006-01-01;"I";"L";"BR"
506163491;"G01N  21/35";"A";2014-01-01;"I";"L";"BR"
67829;"F02D  19/08";"A";2006-01-01;"I";"L";"FR"
67829;"F02D  35/02";"A";2006-01-01;"I";"F";"FR"
67829;"G01N  21/35";"A";2006-01-01;"I";"L";"FR"
67829;"G01N  33/28";"A";2006-01-01;"I";"L";"FR"
55179915;"F02D  13/02";"A";2006-01-01;"I";"L";"EP"
55179915;"F02D  41/00";"A";2006-01-01;"I";"F";"EP"
55179915;"F02D  41/22";"A";2006-01-01;"I";"L";"EP"
55179915;"F02D  41/24";"A";2006-01-01;"I";"L";"EP"
55179915;"F02D  41/38";"A";2006-01-01;"I";"L";"EP"
55179915;"F02D  43/00";"A";2006-01-01;"I";"L";"EP"
55179915;"G01J   3/10";"A";2006-01-01;"I";"L";"EP"
55179915;"G01J   3/28";"A";2006-01-01;"I";"L";"EP"
55179915;"G01N  21/35";"A";2006-01-01;"I";"L";"EP"
55179915;"G01N  33/28";"A";2006-01-01;"I";"L";"EP"
55754280;"G01J   3/10";"A";2006-01-01;"I";"L";"EP"
55754280;"G01J   3/12";"A";2006-01-01;"I";"L";"EP"
55754280;"G01N  21/85";"A";2006-01-01;"I";"F";"EP"
414070036;"G01N  21/27";"A";2006-01-01;"I";"L";"EP"
414070036;"G01N  21/31";"A";2006-01-01;"N";"L";"EP"
414070036;"G01N  21/3504";"A";2014-01-01;"I";"L";"EP"
414070036;"G01N  21/3577";"A";2014-01-01;"I";"F";"EP"
337194142;"G01J   3/02";"A";2006-01-01;"I";"L";"ES"
337194142;"G01J   3/10";"A";2006-01-01;"I";"L";"ES"
337194142;"G01J   3/26";"A";2006-01-01;"I";"L";"ES"
337194142;"G01N  21/85";"A";2006-01-01;"I";"F";"ES"
329935468;"F02D  19/06";"A";2006-01-01;"I";"F";"EP"
329935468;"F02D  41/00";"A";2006-01-01;"I";"L";"EP"
329935468;"F02D  41/24";"A";2006-01-01;"I";"L";"EP"
329935468;"G01N  21/35";"A";2006-01-01;"I";"L";"EP"
56840859;"G01J   3/02";"A";2006-01-01;"I";"L";"EP"
56840859;"G01J   3/10";"A";2006-01-01;"I";"L";"EP"
56840859;"G01J   3/12";"A";2006-01-01;"I";"L";"EP"
56840859;"G01N  21/25";"A";2006-01-01;"I";"L";"EP"
56840859;"G01N  21/85";"A";2006-01-01;"I";"F";"EP"
57047495;"G01J   3/02";"A";2006-01-01;"I";"L";"EP"
57047495;"G01J   3/10";"A";2006-01-01;"I";"L";"EP"
57047495;"G01J   3/26";"A";2006-01-01;"I";"L";"EP"
57047495;"G01J   3/28";"A";2006-01-01;"N";"L";"EP"
57047495;"G01N  21/359";"A";2014-01-01;"N";"L";"EP"
57047495;"G01N  21/85";"A";2006-01-01;"I";"F";"EP"
57048946;"G01J   3/02";"A";2006-01-01;"I";"L";"EP"
57048946;"G01J   3/10";"A";2006-01-01;"I";"L";"EP"
57048946;"G01J   3/12";"A";2006-01-01;"N";"L";"EP"
57048946;"G01J   3/26";"A";2006-01-01;"I";"L";"EP"
57048946;"G01J   3/28";"A";2006-01-01;"I";"L";"EP"
57048946;"G01J   3/42";"A";2006-01-01;"I";"L";"EP"
57048946;"G01N  21/35";"A";2006-01-01;"N";"L";"EP"
57048946;"G01N  21/85";"A";2006-01-01;"I";"F";"EP"
19125835;"F02B  77/08";"A";2006-01-01;"I";"F";"FR"
19125835;"F02D  41/22";"A";2006-01-01;"I";"L";"FR"
19126657;"G01J   3/02";"A";2006-01-01;"I";"L";"FR"
19126657;"G01J   3/12";"A";2006-01-01;"I";"L";"FR"
19126657;"G01N  21/25";"A";2006-01-01;"I";"F";"FR"
274330538;"G01N  21/85";"A";2006-01-01;"I";"L";"MX"
274330538;"G01N  21/88";"A";2006-01-01;"I";"L";"MX"
274330538;"G01N  33/28";"A";2006-01-01;"I";"F";"MX"
294860684;"F02D  41/22";"A";2006-01-01;"I";" ";"KR"
294860684;"F02D  41/30";"A";2006-01-01;"I";" ";"KR"
294860684;"F02D  45/00";"A";2006-01-01;"I";" ";"KR"
294860684;"G01N  33/28";"A";2006-01-01;"I";" ";"KR"
315619972;"G01J   3/02";"A";2006-01-01;"I";"F";"EP"
315619972;"G01J   3/10";"A";2006-01-01;"I";"L";"EP"
315619972;"G01J   3/12";"A";2006-01-01;"I";"L";"EP"
315619972;"G01N  21/25";"A";2006-01-01;"I";"L";"EP"
315619972;"G01N  21/85";"A";2006-01-01;"I";"L";"EP"
381150530;"H01J  49/02";"A";2006-01-01;"I";"F";"FR"
55506769;"F02D  13/02";"A";2006-01-01;"I";"L";"EP"
55506769;"F02D  41/00";"A";2006-01-01;"I";"F";"EP"
55506769;"F02D  41/22";"A";2006-01-01;"I";"L";"EP"
55506769;"F02D  41/24";"A";2006-01-01;"I";"L";"EP"
55506769;"F02D  41/38";"A";2006-01-01;"I";"L";"EP"
55506769;"G01J   3/10";"A";2006-01-01;"I";"L";"EP"
55506769;"G01J   3/28";"A";2006-01-01;"I";"L";"EP"
55506769;"G01N  21/35";"A";2006-01-01;"I";"L";"EP"
55506769;"G01N  33/28";"A";2006-01-01;"I";"L";"EP"
409514;"F02P   5/152";"A";2006-01-01;"I";"F";"EP"
409514;"G01N  33/28";"A";2006-01-01;"I";"L";"EP"
273387206;"F02D  19/06";"A";2006-01-01;"I";"F";"EP"
273387206;"F02D  19/08";"A";2006-01-01;"I";"L";"EP"
273387206;"F02D  41/00";"A";2006-01-01;"I";"L";"EP"
273387206;"F02D  41/24";"A";2006-01-01;"I";"L";"EP"
273387206;"G01N  21/35";"A";2014-01-01;"I";"L";"EP"
275468778;"F02D  41/22";"A";2006-01-01;"I";"L";"CA"
275468778;"F02D  41/38";"A";2006-01-01;"I";"F";"CA"
275468778;"G01N  21/359";"A";2014-01-01;"N";"L";"CA"
492306350;"G01N  21/27";"A";2006-01-01;"I";"F";"BR"
492306350;"G01N  21/31";"A";2006-01-01;"I";"L";"BR"
492306350;"G01N  21/35";"A";2014-01-01;"I";"L";"BR"
492306418;"G01N  21/27";"A";2006-01-01;"I";"F";"BR"
492306418;"G01N  21/31";"A";2006-01-01;"I";"L";"BR"
492306418;"G01N  21/35";"A";2014-01-01;"I";"L";"BR"
437878299;"F02D  41/00";"A";2006-01-01;"I";"F";"MY"
438697577;"G01J   3/10";"A";2006-01-01;"I";"L";"BR"
438697577;"G01J   3/12";"A";2006-01-01;"I";"L";"BR"
438697577;"G01N  21/85";"A";2006-01-01;"I";"F";"BR"
19126658;"G01J   3/12";"A";2006-01-01;"I";"F";"FR"
19126658;"G01N  33/22";"A";2006-01-01;"I";"L";"FR"
336714695;"G01M  15/10";"A";2006-01-01;"I";"L";"ES"
336714695;"G01N  21/33";"A";2006-01-01;"I";"F";"ES"
336714695;"G01N  21/35";"A";2006-01-01;"I";"L";"ES"
320783003;"F02D  41/14";"A";2006-01-01;"I";"L";"CN"
320783003;"G01M  15/10";"A";2006-01-01;"I";"L";"CN"
320783003;"G01N  21/33";"A";2006-01-01;"I";"F";"CN"
320783003;"G01N  21/35";"A";2006-01-01;"I";"L";"CN"
364517523;"G01J   3/02";"A";2006-01-01;"I";"L";"EP"
364517523;"G01J   3/28";"A";2006-01-01;"I";"L";"EP"
364517523;"G01J   3/51";"A";2006-01-01;"I";"L";"EP"
364517523;"G01N  21/85";"A";2006-01-01;"I";"L";"EP"
364517523;"H01L  21/00";"A";2006-01-01;"I";"L";"EP"
364517523;"H01L  31/0203";"A";2006-01-01;"I";"F";"EP"
364517523;"H01L  31/0232";"A";2006-01-01;"I";"L";"EP"
329338958;"F02D  28/00";"A";2006-01-01;"I";"L";"US"
329338958;"G01M  15/08";"A";2006-01-01;"I";"L";"US"
329338958;"G01M  15/10";"A";2006-01-01;"I";"L";"US"
329338958;"G01N  21/33";"A";2006-01-01;"I";"F";"US"
329338958;"G01N  21/3504";"A";2014-01-01;"I";"L";"US"
329338958;"G01N  21/3577";"A";2014-01-01;"I";"L";"US"
329338958;"G01N  21/359";"A";2014-01-01;"N";"L";"US"
422225201;"F02D  45/00";"A";2006-01-01;"I";"L";"JP"
422225201;"F02P   5/15";"A";2006-01-01;"I";"L";"JP"
422225201;"F02P   5/152";"A";2006-01-01;"I";"F";"JP"
422225201;"F02P   5/153";"A";2006-01-01;"I";"L";"JP"
57222421;"G01M  15/10";"A";2006-01-01;"I";"L";"EP"
57222421;"G01N  21/33";"A";2006-01-01;"I";"F";"EP"
57222421;"G01N  21/35";"A";2006-01-01;"I";"L";"EP"
445741356;"G01N  21/27";"A";2006-01-01;"I";"L";"KR"
445741356;"G01N  21/31";"A";2006-01-01;"I";"L";"KR"
445741356;"G01N  21/3577";"A";2014-01-01;"I";"F";"KR"
413979607;"G01N  21/27";"A";2006-01-01;"I";"L";"EP"
413979607;"G01N  21/31";"A";2006-01-01;"N";"L";"EP"
413979607;"G01N  21/35";"A";2014-01-01;"I";"F";"EP"
19119810;"F02P   5/15";"A";2006-01-01;"I";"F";"FR"
412504608;"G01N  21/85";"A";2006-01-01;"I";"L";"ES"
412504608;"G01N  21/88";"A";2006-01-01;"I";"L";"ES"
412504608;"G01N  33/28";"A";2006-01-01;"I";"F";"ES"
436905429;"F01N   9/00";"A";2006-01-01;"I";"L";"KR"
436905429;"F02D  41/00";"A";2006-01-01;"I";"F";"KR"
436905429;"F02D  41/22";"A";2006-01-01;"I";"L";"KR"
436905429;"F02D  41/24";"A";2006-01-01;"I";"L";"KR"
436905429;"F02D  41/30";"A";2006-01-01;"I";"L";"KR"
436905429;"F02D  41/38";"A";2006-01-01;"I";"L";"KR"
436905429;"G01J   3/28";"A";2006-01-01;"I";"L";"KR"
436905429;"G01N  21/359";"A";2014-01-01;"I";"L";"KR"
436905429;"G01N  33/28";"A";2006-01-01;"I";"L";"KR"
438697575;"G01J   3/10";"A";2006-01-01;"I";"L";"BR"
438697575;"G01J   3/12";"A";2006-01-01;"I";"L";"BR"
438697575;"G01N  21/85";"A";2006-01-01;"I";"F";"BR"
55758786;"G01J   3/10";"A";2006-01-01;"I";"L";"EP"
55758786;"G01J   3/12";"A";2006-01-01;"I";"L";"EP"
55758786;"G01N  21/85";"A";2006-01-01;"I";"F";"EP"
445140131;"G01N  21/27";"A";2006-01-01;"I";"L";"CN"
445140131;"G01N  21/3577";"A";2014-01-01;"I";"F";"CN"
445140131;"G01N  21/359";"A";2014-01-01;"I";"L";"CN"
57682409;"G01N  21/85";"A";2006-01-01;"I";" ";"KR"
57682409;"G01N  21/88";"A";2006-01-01;"I";" ";"KR"
57682409;"G01N  33/28";"A";2006-01-01;"I";" ";"KR"
266971176;"F02D  19/06";"A";2006-01-01;"I";"F";"EP"
266971176;"F02D  41/00";"A";2006-01-01;"I";"L";"EP"
266971176;"F02D  41/24";"A";2006-01-01;"I";"L";"EP"
266971176;"G01N  21/35";"A";2006-01-01;"I";"L";"EP"
447002586;"G01N  21/27";"A";2006-01-01;"I";"L";"US"
447002586;"G01N  21/31";"A";2006-01-01;"N";"L";"US"
447002586;"G01N  21/3504";"A";2014-01-01;"I";"L";"US"
447002586;"G01N  21/3577";"A";2014-01-01;"I";"F";"US"
16335182;"F02D  41/00";"A";2006-01-01;"I";"F";"EP"
41115924;"F02D  41/24";"A";2006-01-01;"I";" ";"KR"
41115924;"G01N  21/35";"A";2014-01-01;"I";" ";"KR"
521183224;"G01M  15/10";"A";2006-01-01;"I";"L";"PL"
521183224;"G01N  21/33";"A";2006-01-01;"I";"F";"PL"
521183224;"G01N  21/35";"A";2006-01-01;"I";"L";"PL"
441409842;"G01N  21/27";"A";2006-01-01;"I";"L";"EP"
441409842;"G01N  21/31";"A";2006-01-01;"N";"L";"EP"
441409842;"G01N  21/35";"A";2014-01-01;"I";"F";"EP"
20934670;"F02D  41/24";"A";2006-01-01;"I";"F";"EP"
20934670;"G01N  21/35";"A";2006-01-01;"I";"L";"EP"
49366;"F02P   5/15";"A";2006-01-01;"I";"L";"EP"
49366;"F02P   5/152";"A";2006-01-01;"I";"F";"EP"
49366;"G01N  33/28";"A";2006-01-01;"I";"L";"EP"
8636522;"F02D  41/24";"A";2006-01-01;"I";"F";"CN"
8636522;"G01N  21/35";"A";2006-01-01;"I";"L";"CN"
416918717;"G01J   3/02";"A";2006-01-01;"I";"L";"ES"
416918717;"G01J   3/10";"A";2006-01-01;"I";"L";"ES"
416918717;"G01J   3/12";"A";2006-01-01;"N";"L";"ES"
416918717;"G01J   3/26";"A";2006-01-01;"I";"L";"ES"
416918717;"G01J   3/28";"A";2006-01-01;"I";"L";"ES"
416918717;"G01J   3/42";"A";2006-01-01;"I";"L";"ES"
416918717;"G01N  21/35";"A";2014-01-01;"N";"L";"ES"
416918717;"G01N  21/85";"A";2006-01-01;"I";"F";"ES"
53978864;"F02D  41/30";"A";2006-01-01;"I";"L";"US"
53978864;"F02M  51/00";"A";2006-01-01;"I";"L";"US"
53978864;"G01F  23/26";"A";2006-01-01;"I";"L";"US"
53978864;"G01J   5/02";"A";2006-01-01;"I";"L";"US"
53978864;"G06F  19/00";"A";2006-01-01;"I";"F";"US"
414070038;"G01N  21/27";"A";2006-01-01;"I";"L";"EP"
414070038;"G01N  21/31";"A";2006-01-01;"N";"L";"EP"
414070038;"G01N  21/3504";"A";2014-01-01;"I";"F";"EP"
414070038;"G01N  21/3577";"A";2014-01-01;"I";"L";"EP"
19126659;"G01J   3/42";"A";2006-01-01;"I";"F";"FR"
19126659;"G01N  21/31";"A";2006-01-01;"I";"L";"FR"
19126659;"G01N  33/22";"A";2006-01-01;"I";"L";"FR"
275342726;"F02D  13/02";"A";2006-01-01;"I";"L";"CN"
275342726;"F02D  41/00";"A";2006-01-01;"I";"F";"CN"
275342726;"F02D  41/22";"A";2006-01-01;"I";"L";"CN"
275342726;"F02D  41/24";"A";2006-01-01;"I";"L";"CN"
275342726;"F02D  41/38";"A";2006-01-01;"I";"L";"CN"
275342726;"G01J   3/10";"A";2006-01-01;"I";"L";"CN"
275342726;"G01J   3/28";"A";2006-01-01;"I";"L";"CN"
275342726;"G01N  21/35";"A";2014-01-01;"I";"L";"CN"
275342726;"G01N  33/28";"A";2006-01-01;"I";"L";"CN"
333696131;"G01M  15/10";"A";2006-01-01;"I";"L";"EP"
333696131;"G01N  21/33";"A";2006-01-01;"I";"F";"EP"
333696131;"G01N  21/35";"A";2006-01-01;"I";"L";"EP"
334107759;"F02D  19/06";"A";2006-01-01;"I";"F";"CN"
334107759;"F02D  41/00";"A";2006-01-01;"I";"L";"CN"
334107759;"F02D  41/24";"A";2006-01-01;"I";"L";"CN"
334107759;"G01N  21/35";"A";2014-01-01;"I";"L";"CN"
341088988;"F02P   5/15";"A";2006-01-01;"I";"F";"US"
19110797;"B60K  28/10";"A";2006-01-01;"I";"F";"FR"
19110797;"G01N  21/31";"A";2006-01-01;"I";"L";"FR"
323709042;"G01J   3/10";"A";2006-01-01;"I";" ";"KR"
323709042;"G01J   3/12";"A";2006-01-01;"I";" ";"KR"
323709042;"G01N  21/25";"A";2006-01-01;"I";" ";"KR"
323709042;"G01N  21/85";"A";2006-01-01;"I";" ";"KR"
333001142;"F02D  19/06";"A";2006-01-01;"I";"F";"MX"
333001142;"F02D  41/00";"A";2006-01-01;"I";"L";"MX"
333001142;"F02D  41/24";"A";2006-01-01;"I";"L";"MX"
333001142;"G01N  21/35";"A";2014-01-01;"I";"L";"MX"
333161596;"F02D  19/06";"A";2006-01-01;"I";" ";"KR"
333161596;"F02D  41/00";"A";2006-01-01;"I";" ";"KR"
333161596;"F02D  41/24";"A";2006-01-01;"I";" ";"KR"
333161596;"G01N  21/35";"A";2006-01-01;"I";"L";"KR"
333161596;"G01N  21/359";"A";2014-01-01;"I";" ";"KR"
422767515;"F02D  13/02";"A";2006-01-01;"I";"L";"BR"
422767515;"F02D  41/00";"A";2006-01-01;"I";"F";"BR"
422767515;"F02D  41/22";"A";2006-01-01;"I";"L";"BR"
422767515;"F02D  41/24";"A";2006-01-01;"I";"L";"BR"
422767515;"F02D  41/38";"A";2006-01-01;"I";"L";"BR"
422767515;"G01J   3/10";"A";2006-01-01;"I";"L";"BR"
422767515;"G01J   3/28";"A";2006-01-01;"I";"L";"BR"
422767515;"G01N  21/35";"A";2014-01-01;"I";"L";"BR"
422767515;"G01N  33/28";"A";2006-01-01;"I";"L";"BR"
267010613;"G01N  21/85";"A";2006-01-01;"I";"L";"CN"
267010613;"G01N  21/88";"A";2006-01-01;"I";"L";"CN"
267010613;"G01N  33/28";"A";2006-01-01;"I";"F";"CN"
338112358;"G01M  15/00";"A";2006-01-01;"I";"L";"RU"
338112358;"G01N  21/31";"A";2006-01-01;"I";"F";"RU"
338112358;"G01N  21/33";"A";2006-01-01;"I";" ";"RU"
274178443;"G01J   5/02";"A";2006-01-01;"I";"F";"US"
274178443;"G01N  33/28";"A";2006-01-01;"I";"L";"US"
317304620;"F02B  47/08";"A";2006-01-01;"I";"L";"US"
317304620;"F02D  41/30";"A";2006-01-01;"I";"L";"US"
317304620;"F02M  25/07";"A";2006-01-01;"I";"L";"US"
317304620;"F02M  51/00";"A";2006-01-01;"I";"F";"US"
317304620;"F02M  51/04";"A";2006-01-01;"N";"L";"US"
317304620;"G01N  21/35";"A";2006-01-01;"I";"L";"US"
374982845;"F02D  19/06";"A";2006-01-01;"I";"L";"US"
374982845;"F02D  19/08";"A";2006-01-01;"I";"L";"US"
374982845;"F02D  28/00";"A";2006-01-01;"I";"L";"US"
374982845;"F02D  41/00";"A";2006-01-01;"I";"L";"US"
374982845;"F02D  41/24";"A";2006-01-01;"I";"L";"US"
374982845;"F02D  41/26";"A";2006-01-01;"I";"L";"US"
374982845;"F02M  25/022";"A";2006-01-01;"I";"L";"US"
374982845;"G01N  21/3577";"A";2014-01-01;"I";"L";"US"
374982845;"G01N  21/359";"A";2014-01-01;"I";"L";"US"
374982845;"G06F  19/00";"A";2011-01-01;"I";"F";"US"
