appln_id;appln_auth;appln_nr;appln_kind;appln_filing_date;appln_filing_year;appln_nr_epodoc;appln_nr_original;ipr_type;receiving_office;internat_appln_id;int_phase;reg_phase;nat_phase;earliest_filing_date;earliest_filing_year;earliest_filing_id;earliest_publn_date;earliest_publn_year;earliest_pat_publn_id;granted;docdb_family_id;inpadoc_family_id;docdb_family_size;nb_citing_docdb_fam;nb_applicants;nb_inventors
19119810;"FR";"0655506";"A ";2006-12-14;2006;"FR20060055506";"0655506";"PI";"  ";0;"N";"N";"Y";2006-12-14;2006;19119810;2008-06-20;2008;277662206;"Y";37890311;49366;6;7;1;4
445741356;"KR";"20157017680";"A ";2013-12-04;2013;"KR20157017680";"1020157017680";"PI";"  ";413979607;"Y";"N";"Y";2012-12-07;2012;381150530;2015-10-12;2015;445741357;"N";49886962;381150530;16;2;1;2
57222421;"EP";"08845379";"A ";2008-08-14;2008;"EP20080845379";"08845379";"PI";"  ";56626681;"Y";"Y";"N";2007-08-31;2007;19125835;2010-05-12;2010;320935526;"Y";39186988;19125835;12;13;1;2
413979607;"WO";"2013052940";"W ";2013-12-04;2013;"WO2013FR52940";"FR2013/052940";"PI";"FR";0;"Y";"N";"N";2012-12-07;2012;381150530;2014-06-12;2014;418885617;"N";49886962;381150530;16;2;1;2
422225201;"JP";"2014087423";"A ";2014-04-21;2014;"JP20140087423";"2014087423";"PI";"  ";0;"N";"N";"Y";2006-12-14;2006;19119810;2014-08-28;2014;421493435;"N";37890311;49366;6;7;1;4
336389954;"GB";"201110555";"A ";2011-06-22;2011;"GB20110010555";"GB1110555";"PI";"  ";0;"N";"N";"Y";2011-06-22;2011;336389954;2011-08-03;2011;390536944;"N";44454459;336389954;2;1;2;2
337591580;"RU";"2009144390";"A ";2008-05-07;2008;"RU20090144390";"2009144390/06";"PI";"  ";55179915;"Y";"N";"Y";2007-05-07;2007;19130688;2011-06-20;2011;341744159;"Y";38820234;19130688;12;10;1;2
445140129;"CN";"201380072189";"A ";2013-12-04;2013;"CN20138072189";"2013800721899";"PI";"  ";413979608;"Y";"N";"Y";2012-12-07;2012;381150530;2015-10-07;2015;445140130;"Y";49886962;381150530;16;2;1;2
56626681;"WO";"2008001194";"W ";2008-08-14;2008;"WO2008FR01194";"FR2008/001194";"PI";"FR";0;"Y";"N";"N";2007-08-31;2007;19125835;2009-05-07;2009;57348083;"N";39186988;19125835;12;13;3;2
522253793;"PL";"07823392";"T ";2007-08-02;2007;"PL20070823392T";"";"PI";"  ";20939102;"Y";"Y";"Y";2006-08-21;2006;19110797;2014-01-31;2014;522253794;"Y";37663186;19110797;12;15;1;2
329598623;"AU";"2009247943";"A ";2009-04-21;2009;"AU20090247943";"2009247943";"PI";"  ";266971176;"Y";"N";"Y";2008-04-24;2008;67829;2009-11-19;2009;329902078;"Y";40120085;67829;13;13;1;2
317304620;"US";"59857908";"A ";2008-05-07;2008;"US20080598579";"12598579";"PI";"  ";55179915;"Y";"N";"Y";2007-05-07;2007;19130688;2010-07-01;2010;317503927;"Y";38820234;19130688;12;10;3;2
267010613;"CN";"200780034714";"A ";2007-08-02;2007;"CN20078034714";"A2007800347142";"PI";"  ";20939102;"Y";"N";"Y";2006-08-21;2006;19110797;2009-08-26;2009;278806190;"Y";37663186;19110797;12;15;1;2
274178443;"US";"43828707";"A ";2007-08-02;2007;"US20070438287";"12438287";"PI";"  ";20939102;"Y";"N";"Y";2006-08-21;2006;19110797;2010-01-14;2010;274188431;"Y";37663186;19110797;12;15;3;2
338112358;"RU";"2010106265";"A ";2008-08-14;2008;"RU20100106265";"2010106265/28";"PI";"  ";56626681;"Y";"N";"Y";2007-08-31;2007;19125835;2011-10-10;2011;365128635;"Y";39186988;19125835;12;13;1;2
374982845;"US";"98930809";"A ";2009-04-21;2009;"US20090989308";"12989308";"PI";"  ";266971176;"Y";"N";"Y";2008-04-24;2008;67829;2012-09-06;2012;375077880;"Y";40120085;67829;13;13;3;2
422767515;"BR";"PI0809735";"A ";2008-05-07;2008;"BR2008PI09735";"PI 0809735-6 A2";"PI";"  ";55179915;"Y";"N";"Y";2007-05-07;2007;19130688;2014-10-14;2014;422767516;"N";38820234;19130688;12;10;1;2
19126658;"FR";"0707153";"A ";2007-10-12;2007;"FR20070007153";"0707153";"PI";"  ";0;"N";"N";"Y";2007-10-12;2007;19126658;2009-04-17;2009;57236893;"Y";39267811;19126658;5;4;1;3
438697577;"BR";"PI0818064";"A ";2008-09-30;2008;"BR2008PI18064";"PI0818064-4";"PI";"  ";56840859;"Y";"N";"Y";2007-10-12;2007;19126657;2015-03-31;2015;438697578;"N";39264511;19126657;7;2;1;3
336714695;"ES";"08845379";"T ";2008-08-14;2008;"ES20080845379T";"08845379";"PI";"  ";0;"N";"Y";"Y";2007-08-31;2007;19125835;2011-09-19;2011;388582836;"Y";39186988;19125835;12;13;1;0
437878299;"MY";"PI20094641";"A ";2008-05-07;2008;"MY2009PI04641";"PI 20094641";"PI";"  ";0;"N";"N";"Y";2007-05-07;2007;19130688;2014-07-14;2014;437878300;"Y";38820234;19130688;12;10;1;2
364517523;"WO";"2012062158";"W ";2012-06-22;2012;"WO2012EP62158";"EP2012/062158";"PI";"EP";0;"Y";"N";"N";2011-06-22;2011;336389954;2012-12-27;2012;379467148;"N";44454459;336389954;2;1;4;2
320783003;"CN";"200880105066";"A ";2008-08-14;2008;"CN200880105066";"200880105066X";"PI";"  ";56626681;"Y";"N";"Y";2007-08-31;2007;19125835;2010-08-04;2010;323870764;"Y";39186988;19125835;12;13;1;2
329338958;"US";"67524708";"A ";2008-08-14;2008;"US20080675247";"12675247";"PI";"  ";56626681;"Y";"N";"Y";2007-08-31;2007;19125835;2010-12-02;2010;329455295;"Y";39186988;19125835;12;13;3;2
275468778;"CA";"2685821";"A ";2008-05-07;2008;"CA20082685821";"2685821";"PI";"  ";55179915;"Y";"N";"Y";2007-05-07;2007;19130688;2008-12-18;2008;277512277;"Y";38820234;19130688;12;10;1;2
273387206;"EP";"09745904";"A ";2009-04-21;2009;"EP20090745904";"09745904";"PI";"  ";266971176;"Y";"Y";"N";2008-04-24;2008;67829;2011-06-01;2011;334436670;"Y";40120085;67829;13;13;1;2
492306350;"BR";"112015013222";"A ";2013-12-04;2013;"BR20151113222";"112015013222";"PI";"  ";413979608;"Y";"N";"Y";2012-12-07;2012;381150530;2017-07-11;2017;490726376;"N";49886962;381150530;16;2;1;2
492306418;"BR";"112015013313";"A ";2013-12-04;2013;"BR20151113313";"112015013313";"PI";"  ";413979607;"Y";"N";"Y";2012-12-07;2012;381150530;2017-07-11;2017;490726377;"N";49886962;381150530;16;2;1;2
55506769;"EP";"08805550";"A ";2008-05-07;2008;"EP20080805550";"08805550";"PI";"  ";55179915;"Y";"Y";"N";2007-05-07;2007;19130688;2010-01-13;2010;317694924;"N";38820234;19130688;12;10;1;2
381150530;"FR";"1261757";"A ";2012-12-07;2012;"FR20120061757";"1261757";"PI";"  ";0;"N";"N";"Y";2012-12-07;2012;381150530;2014-06-13;2014;418611368;"N";47714355;381150530;1;0;1;2
409514;"EP";"07871848";"A ";2007-12-12;2007;"EP20070871848";"07871848";"PI";"  ";49366;"Y";"Y";"N";2006-12-14;2006;19119810;2009-09-16;2009;277662208;"N";37890311;49366;6;7;1;4
67829;"FR";"0802314";"A ";2008-04-24;2008;"FR20080002314";"0802314";"PI";"  ";0;"N";"N";"Y";2008-04-24;2008;67829;2009-10-30;2009;273091122;"Y";40120085;67829;13;13;1;2
337194142;"ES";"08807192";"T ";2008-09-26;2008;"ES20080807192T";"08807192";"PI";"  ";0;"N";"Y";"Y";2007-10-12;2007;19126659;2011-10-07;2011;388583535;"Y";39267773;19126659;12;27;1;3
506163491;"BR";"PI0815281";"A ";2008-08-14;2008;"BR2008PI15281";"PI0815281";"PI";"  ";56626681;"Y";"N";"Y";2007-08-31;2007;19125835;2018-12-26;2018;506163492;"N";39186988;19125835;12;13;1;2
55754280;"WO";"2008002600";"W ";2008-09-30;2008;"WO2008IB02600";"IB2008/002600";"PI";"IB";0;"Y";"N";"N";2007-10-12;2007;19126658;2009-04-16;2009;57162224;"N";39267811;19126658;5;4;4;3
414070036;"EP";"13815047";"A ";2013-12-04;2013;"EP20130815047";"13815047";"PI";"  ";413979607;"Y";"Y";"N";2012-12-07;2012;381150530;2015-10-14;2015;444430390;"Y";49886962;381150530;16;2;1;2
55179915;"WO";"2008000645";"W ";2008-05-07;2008;"WO2008FR00645";"FR2008/000645";"PI";"FR";0;"Y";"N";"N";2007-05-07;2007;19130688;2008-12-18;2008;55563080;"N";38820234;19130688;12;10;3;2
329935468;"CA";"2722239";"A ";2009-04-21;2009;"CA20092722239";"2722239";"PI";"  ";266971176;"Y";"N";"Y";2008-04-24;2008;67829;2009-11-19;2009;329946060;"N";40120085;67829;13;13;1;2
443000086;"BR";"PI0907353";"A ";2009-04-21;2009;"BR2009PI07353";"PI0907353-1";"PI";"  ";266971176;"Y";"N";"Y";2008-04-24;2008;67829;2015-07-28;2015;443000087;"N";40120085;67829;13;13;1;2
459204894;"MY";"PI20104983";"A ";2009-04-21;2009;"MYPI20104983";"PI 2010004983";"PI";"  ";0;"N";"N";"Y";2008-04-24;2008;67829;2016-06-15;2016;459204895;"Y";40120085;67829;13;13;1;2
20939102;"WO";"2007001339";"W ";2007-08-02;2007;"WO2007FR01339";"FR2007/001339";"PI";"FR";0;"Y";"N";"N";2006-08-21;2006;19110797;2008-02-28;2008;278806186;"N";37663186;19110797;12;15;3;2
413979608;"WO";"2013052941";"W ";2013-12-04;2013;"WO2013FR52941";"FR2013/052941";"PI";"FR";0;"Y";"N";"N";2012-12-07;2012;381150530;2014-06-12;2014;418885618;"N";49886962;381150530;16;2;1;2
4989976;"CA";"2602186";"A ";2006-03-21;2006;"CA20062602186";"2602186";"PI";"  ";20934670;"Y";"N";"Y";2005-03-22;2005;19089769;2006-09-28;2006;378192385;"Y";35266731;2744929;13;23;1;2
19110797;"FR";"0607420";"A ";2006-08-21;2006;"FR20060007420";"0607420";"PI";"  ";0;"N";"N";"Y";2006-08-21;2006;19110797;2008-02-22;2008;278806185;"Y";37663186;19110797;12;15;1;2
333001142;"MX";"2010011655";"A ";2009-04-21;2009;"MX20100011655";"2010011655";"PI";"  ";266971176;"Y";"N";"Y";2008-04-24;2008;67829;2010-12-20;2010;333007011;"Y";40120085;67829;13;13;1;2
333161596;"KR";"20107026220";"A ";2009-04-21;2009;"KR20107026220";"1020107026220";"PI";"  ";0;"N";"N";"Y";2008-04-24;2008;67829;2011-02-16;2011;333269989;"Y";40120085;67829;13;13;1;2
341088988;"US";"51875907";"A ";2007-12-12;2007;"US20070518759";"12518759";"PI";"  ";49366;"Y";"N";"Y";2006-12-14;2006;19119810;2012-01-26;2012;341117848;"N";37890311;49366;6;7;5;4
323709042;"KR";"20107010311";"A ";2008-09-26;2008;"KR20107010311";"1020107010311";"PI";"  ";55758786;"Y";"N";"Y";2007-10-12;2007;19126659;2010-08-20;2010;323811531;"Y";39267773;19126659;12;27;1;3
438697575;"BR";"PI0818063";"A ";2008-09-26;2008;"BR2008PI18063";"PI0818063-6";"PI";"  ";55758786;"Y";"N";"Y";2007-10-12;2007;19126659;2015-03-31;2015;438697576;"N";39267773;19126659;12;27;1;3
16335182;"EP";"06726114";"A ";2006-03-21;2006;"EP20060726114";"06726114";"PI";"  ";20934670;"Y";"Y";"N";2005-03-22;2005;19089769;2007-12-05;2007;281047955;"Y";35266731;2744929;13;23;1;2
266971176;"WO";"2009000476";"W ";2009-04-21;2009;"WO2009FR00476";"FR2009/000476";"PI";"FR";0;"Y";"N";"N";2008-04-24;2008;67829;2009-11-19;2009;273549181;"N";40120085;67829;13;13;3;2
445140131;"CN";"201380072190";"A ";2013-12-04;2013;"CN20138072190";"2013800721901";"PI";"  ";413979607;"Y";"N";"Y";2012-12-07;2012;381150530;2015-10-07;2015;445140132;"N";49886962;381150530;16;2;1;2
447002586;"US";"201314648855";"A ";2013-12-04;2013;"US201314648855";"14648855";"PI";"  ";413979607;"Y";"N";"Y";2012-12-07;2012;381150530;2015-12-03;2015;447002587;"Y";49886962;381150530;16;2;1;2
436905429;"KR";"20147029575";"A ";2008-05-07;2008;"KR20147029575";"1020147029575";"PI";"  ";55179915;"Y";"N";"Y";2007-05-07;2007;19130688;2014-11-28;2014;436905430;"N";38820234;19130688;12;10;1;2
55758786;"WO";"2008002563";"W ";2008-09-26;2008;"WO2008IB02563";"IB2008/002563";"PI";"IB";0;"Y";"N";"N";2007-10-12;2007;19126659;2009-04-16;2009;57162222;"N";39267773;19126659;12;27;4;3
57682409;"KR";"20097004967";"A ";2007-08-02;2007;"KR20097004967";"1020097004967";"PI";"  ";20939102;"Y";"N";"Y";2006-08-21;2006;19110797;2009-04-28;2009;278806187;"Y";37663186;19110797;12;15;1;2
412504608;"ES";"07823392";"T ";2007-08-02;2007;"ES20070823392T";"07823392";"PI";"  ";20939102;"Y";"Y";"Y";2006-08-21;2006;19110797;2013-12-02;2013;412504609;"Y";37663186;19110797;12;15;1;2
333252422;"AT";"08845379";"T ";2008-08-14;2008;"AT20080845379T";"08845379";"PI";"  ";56626681;"Y";"Y";"Y";2007-08-31;2007;19125835;2011-04-15;2011;382568139;"Y";39186988;19125835;12;13;1;2
333942646;"AT";"08807192";"T ";2008-09-26;2008;"AT20080807192T";"08807192";"PI";"  ";55758786;"Y";"Y";"Y";2007-10-12;2007;19126659;2011-05-15;2011;382570051;"Y";39267773;19126659;12;27;1;3
41115924;"KR";"20077024018";"A ";2006-03-21;2006;"KR20077024018";"1020077024018";"PI";"  ";20934670;"Y";"N";"Y";2005-03-22;2005;19089769;2007-12-18;2007;281047958;"Y";35266731;2744929;13;23;1;2
55834363;"MX";"2007011608";"A ";2006-03-21;2006;"MX20070011608";"2007011608";"PI";"  ";20934670;"Y";"N";"Y";2005-03-22;2005;19089769;2008-02-21;2008;281047962;"Y";35266731;2744929;13;23;1;2
421508249;"JP";"2014077938";"A ";2014-04-04;2014;"JP20140077938";"2014077938";"PI";"  ";0;"N";"N";"Y";2008-04-24;2008;67829;2014-08-07;2014;420910639;"N";40120085;67829;13;13;1;2
334022097;"DE";"602008006582";"T ";2008-09-26;2008;"DE20086006582T";"602008006582";"PI";"  ";55758786;"Y";"N";"Y";2007-10-12;2007;19126659;2011-06-09;2011;334649885;"N";39267773;19126659;12;27;1;3
323543479;"BR";"PI0611553";"A ";2006-03-21;2006;"BR2006PI11553";"PI0611553";"PI";"  ";20934670;"Y";"N";"Y";2005-03-22;2005;19089769;2010-09-21;2010;335734288;"Y";35266731;2744929;13;23;1;2
323791678;"CA";"2713310";"A ";2008-09-30;2008;"CA20082713310";"2713310";"PI";"  ";56840859;"Y";"N";"Y";2007-10-12;2007;19126657;2009-04-16;2009;324102536;"Y";39264511;19126657;7;2;1;3
324055415;"US";"75649710";"A ";2010-04-08;2010;"US20100756497";"12756497";"PI";"  ";55758786;"Y";"N";"Y";2007-10-12;2007;19126659;2010-10-07;2010;325085475;"Y";39267773;19126659;12;27;4;3
19125835;"FR";"0706140";"A ";2007-08-31;2007;"FR20070006140";"0706140";"PI";"  ";0;"N";"N";"Y";2007-08-31;2007;19125835;2009-03-06;2009;57154687;"Y";39186988;19125835;12;13;1;2
19126657;"FR";"0707152";"A ";2007-10-12;2007;"FR20070007152";"0707152";"PI";"  ";0;"N";"N";"Y";2007-10-12;2007;19126657;2009-04-17;2009;57236896;"Y";39264511;19126657;7;2;1;3
294860684;"KR";"20097023234";"A ";2008-05-07;2008;"KR20097023234";"1020097023234";"PI";"  ";55179915;"Y";"N";"Y";2007-05-07;2007;19130688;2010-02-12;2010;318568969;"Y";38820234;19130688;12;10;1;2
315619972;"AU";"2008309338";"A ";2008-09-30;2008;"AU20080309338";"2008309338";"PI";"  ";56840859;"Y";"N";"Y";2007-10-12;2007;19126657;2009-04-16;2009;322381187;"Y";39264511;19126657;7;2;1;3
274330538;"MX";"2009001954";"A ";2007-08-02;2007;"MX20090001954";"2009001954";"PI";"  ";20939102;"Y";"N";"Y";2006-08-21;2006;19110797;2009-04-30;2009;278806191;"Y";37663186;19110797;12;15;1;2
56840859;"WO";"2008002599";"W ";2008-09-30;2008;"WO2008IB02599";"IB2008/002599";"PI";"IB";0;"Y";"N";"N";2007-10-12;2007;19126657;2009-04-16;2009;57162223;"N";39264511;19126657;7;2;4;3
57047495;"EP";"08837070";"A ";2008-09-30;2008;"EP20080837070";"08837070";"PI";"  ";56840859;"Y";"Y";"N";2007-10-12;2007;19126657;2010-06-23;2010;322605369;"Y";39264511;19126657;7;2;1;3
57048946;"EP";"08838521";"A ";2008-09-30;2008;"EP20080838521";"08838521";"PI";"  ";55754280;"Y";"Y";"N";2007-10-12;2007;19126658;2010-06-23;2010;322605599;"Y";39267811;19126658;5;4;1;3
2744929;"AU";"2006226216";"A ";2006-03-21;2006;"AU20060226216";"2006226216";"PI";"  ";20934670;"Y";"N";"Y";2005-03-22;2005;19089769;2006-09-28;2006;281047956;"Y";35266731;2744929;13;23;1;2
57047141;"EP";"08807192";"A ";2008-09-26;2008;"EP20080807192";"08807192";"PI";"  ";55758786;"Y";"Y";"N";2007-10-12;2007;19126659;2010-06-23;2010;322605583;"Y";39267773;19126659;12;27;1;3
418302458;"UA";"A200710501";"A ";2006-03-21;2006;"UA2007A010501";"A200710501";"PI";"  ";0;"N";"N";"Y";2005-03-22;2005;19089769;2010-12-10;2010;418302459;"Y";35266731;2744929;13;23;1;2
19126659;"FR";"0707154";"A ";2007-10-12;2007;"FR20070007154";"0707154";"PI";"  ";0;"N";"N";"Y";2007-10-12;2007;19126659;2009-04-17;2009;57236894;"Y";39267773;19126659;12;27;1;3
275342726;"CN";"200880015072";"A ";2008-05-07;2008;"CN20088015072";"2008800150726";"PI";"  ";55179915;"Y";"N";"Y";2007-05-07;2007;19130688;2010-03-17;2010;319345182;"Y";38820234;19130688;12;10;1;2
8636522;"CN";"200680009076";"A ";2006-03-21;2006;"CN20068009076";"A2006800090764";"PI";"  ";20934670;"Y";"N";"Y";2005-03-22;2005;19089769;2008-03-19;2008;281047959;"Y";35266731;2744929;13;23;1;2
414070038;"EP";"13815048";"A ";2013-12-04;2013;"EP20130815048";"13815048";"PI";"  ";413979608;"Y";"Y";"N";2012-12-07;2012;381150530;2015-10-14;2015;444430391;"Y";49886962;381150530;16;2;1;2
416918717;"ES";"08838521";"T ";2008-09-30;2008;"ES20080838521T";"08838521";"PI";"  ";55754280;"Y";"Y";"Y";2007-10-12;2007;19126658;2014-04-10;2014;416918718;"Y";39267811;19126658;5;4;1;3
53978864;"US";"88437506";"A ";2006-03-21;2006;"US20060884375";"11884375";"PI";"  ";20934670;"Y";"N";"Y";2005-03-22;2005;19089769;2008-07-03;2008;281047960;"Y";35266731;2744929;13;23;3;2
333696131;"DE";"602008006207";"T ";2008-08-14;2008;"DE20086006207T";"602008006207";"PI";"  ";56626681;"Y";"N";"Y";2007-08-31;2007;19125835;2011-05-26;2011;334395836;"N";39186988;19125835;12;13;1;2
334107759;"CN";"200980123805";"A ";2009-04-21;2009;"CN200980123805";"2009801238052";"PI";"  ";266971176;"Y";"N";"Y";2008-04-24;2008;67829;2011-05-18;2011;335323117;"Y";40120085;67829;13;13;1;2
441409842;"CA";"2892849";"A ";2013-12-04;2013;"CA20132892849";"2892849";"PI";"  ";413979607;"Y";"N";"Y";2012-12-07;2012;381150530;2014-06-12;2014;441226896;"N";49886962;381150530;16;2;1;2
20934670;"WO";"2006000616";"W ";2006-03-21;2006;"WO2006FR00616";"FR2006/000616";"PI";"FR";0;"Y";"N";"N";2005-03-22;2005;19089769;2006-09-28;2006;281047953;"N";35266731;2744929;13;23;3;2
49366;"WO";"2007002055";"W ";2007-12-12;2007;"WO2007FR02055";"FR2007/002055";"PI";"FR";0;"Y";"N";"N";2006-12-14;2006;19119810;2008-07-31;2008;49367;"N";37890311;49366;6;7;5;4
521183224;"PL";"08845379";"T ";2008-08-14;2008;"PL20080845379T";"";"PI";"  ";56626681;"Y";"Y";"Y";2007-08-31;2007;19125835;2011-11-30;2011;521183225;"Y";39186988;19125835;12;13;1;2
19130688;"FR";"0754908";"A ";2007-05-07;2007;"FR20070054908";"0754908";"PI";"  ";0;"N";"N";"Y";2007-05-07;2007;19130688;2008-11-14;2008;55857252;"Y";38820234;19130688;12;10;1;2
445532725;"US";"201314648874";"A ";2013-12-04;2013;"US201314648874";"14648874";"PI";"  ";413979608;"Y";"N";"Y";2012-12-07;2012;381150530;2015-10-22;2015;445532726;"Y";49886962;381150530;16;2;1;2
425016237;"JP";"2014182037";"A ";2014-09-08;2014;"JP20140182037";"2014182037";"PI";"  ";0;"N";"N";"Y";2007-10-12;2007;19126659;2014-12-11;2014;424612234;"N";39267773;19126659;12;27;1;3
381150532;"FR";"1261758";"A ";2012-12-07;2012;"FR20120061758";"1261758";"PI";"  ";0;"N";"N";"Y";2012-12-07;2012;381150532;2014-06-13;2014;418611369;"Y";47714356;381150530;1;0;1;2
405962392;"BR";"PI0714530";"A ";2007-08-02;2007;"BR2007PI14530";"PI0714530";"PI";"  ";20939102;"Y";"N";"Y";2006-08-21;2006;19110797;2013-04-30;2013;407882166;"Y";37663186;19110797;12;15;1;2
449672078;"MX";"2015007174";"A ";2013-12-04;2013;"MX20150007174";"2015007174";"PI";"  ";413979607;"Y";"N";"Y";2012-12-07;2012;381150530;2015-10-20;2015;449672079;"Y";49886962;381150530;16;2;1;2
273550282;"AU";"2008263740";"A ";2008-05-07;2008;"AU20080263740";"2008263740";"PI";"  ";55179915;"Y";"N";"Y";2007-05-07;2007;19130688;2008-12-18;2008;276981743;"Y";38820234;19130688;12;10;1;2
56224356;"EP";"07823392";"A ";2007-08-02;2007;"EP20070823392";"07823392";"PI";"  ";20939102;"Y";"Y";"N";2006-08-21;2006;19110797;2009-06-10;2009;278806188;"Y";37663186;19110797;12;15;1;2
322434300;"CN";"200880111172";"A ";2008-09-26;2008;"CN200880111172";"200880111172";"PI";"  ";55758786;"Y";"N";"Y";2007-10-12;2007;19126659;2010-09-01;2010;324033162;"N";39267773;19126659;12;27;1;3
328952664;"MX";"2010003883";"A ";2008-09-30;2008;"MX20100003883";"2010003883";"PI";"  ";55754280;"Y";"N";"Y";2007-10-12;2007;19126658;2010-08-02;2010;333819774;"Y";39267811;19126658;5;4;1;3
